대분류,식당 이름,주소,행정구역,지역,전화번호,예약링크
맛집,말젯문,제주 제주시 구좌읍 계룡길 31 (구좌읍 한동리),제주시,구좌,,
맛집,그릉그릉파스타가게,제주 제주시 구좌읍 구좌로 31 1층 (구좌읍 세화리),제주시,구좌,,
맛집,제주 유,제주 제주시 구좌읍 구좌로 34 1층 (구좌읍 세화리),제주시,구좌,,
맛집,얌얌,제주 제주시 구좌읍 구좌로 44 (구좌읍 세화리),제주시,구좌,,
맛집,포세화,제주 제주시 구좌읍 구좌로 46 1층 (구좌읍 세화리),제주시,구좌,,
맛집,빗소리,제주 제주시 구좌읍 김녕로 151 (구좌읍 김녕리),제주시,구좌,,
맛집,김녕회관,제주 제주시 구좌읍 김녕로 170 (구좌읍 김녕리),제주시,구좌,,
맛집,쯔루네,제주 제주시 구좌읍 김녕로1길 90 (구좌읍 김녕리),제주시,구좌,,
맛집,해녀식당,제주 제주시 구좌읍 동복로 5 (구좌읍 동복리),제주시,구좌,,
맛집,세화마구간,제주 제주시 구좌읍 면수길 49 (구좌읍 하도리),제주시,구좌,,
맛집,동백낭식당,제주 제주시 구좌읍 비자림로 1814 (구좌읍 송당리),제주시,구좌,,
맛집,제주소녀,제주 제주시 구좌읍 비자숲길 21 1층 (구좌읍 평대리),제주시,구좌,,
맛집,달고둥,제주 제주시 구좌읍 세평항로 28 1층 (구좌읍 세화리),제주시,구좌,,
맛집,세화야,제주 제주시 구좌읍 세평항로 38 1층 (구좌읍 세화리),제주시,구좌,,
맛집,버거스테이,제주 제주시 구좌읍 세화1길 20-18 (구좌읍 세화리),제주시,구좌,,
맛집,엘플로리디타,제주 제주시 구좌읍 세화1길 39 1층 (구좌읍 세화리),제주시,구좌,,
맛집,호자,제주 제주시 구좌읍 세화8길 7 1층 1호 (구좌읍 세화리),제주시,구좌,,
맛집,키치니토 제주점,제주 제주시 구좌읍 송당5길 18 (구좌읍 송당리),제주시,구좌,,
맛집,천리식당,제주 제주시 구좌읍 송당6길 30 (구좌읍 송당리),제주시,구좌,,
맛집,렐레펑테러블,제주 제주시 구좌읍 월정1길 17 2동 1층 (구좌읍 월정리),제주시,구좌,,
맛집,만월당,제주 제주시 구좌읍 월정1길 56 1층 (구좌읍 월정리),제주시,구좌,,
맛집,월스낵,제주 제주시 구좌읍 월정1길 70-5 (구좌읍 월정리),제주시,구좌,,
맛집,월정리유메이우동,제주 제주시 구좌읍 월정3길 52 (구좌읍 월정리),제주시,구좌,,
맛집,초밥공장,제주 제주시 구좌읍 월정3길 7 (구좌읍 월정리),제주시,구좌,,
맛집,괜찮은술책,제주 제주시 구좌읍 종달로 60-12 1층 (구좌읍 종달리),제주시,구좌,,
맛집,릴로,제주 제주시 구좌읍 종달로 60-12 1층 (구좌읍 종달리),제주시,구좌,,
맛집,구좌지앵,제주 제주시 구좌읍 종달로1길 102 1층 (구좌읍 종달리),제주시,구좌,,
맛집,송가네식당,제주 제주시 구좌읍 중산간동로 2245-1 (구좌읍 송당리),제주시,구좌,,
맛집,텍시아,제주 제주시 구좌읍 평대2길 39-28 (구좌읍 평대리),제주시,구좌,,
맛집,밥짓는시간,제주 제주시 구좌읍 평대5길 25 2층 (구좌읍 평대리),제주시,구좌,,
맛집,당근과해녀,제주 제주시 구좌읍 평대5길 48-1 (구좌읍 평대리),제주시,구좌,,
맛집,갯동산국수,제주 제주시 구좌읍 평대7길 55 (구좌읍 평대리),제주시,구좌,,
맛집,취하도,제주 제주시 구좌읍 하도15길 107-17 (구좌읍 하도리),제주시,구좌,,
맛집,이런날엔,제주 제주시 구좌읍 한동북1길 60 (구좌읍 한동리),제주시,구좌,,
맛집,톰톰카레,제주 제주시 구좌읍 해맞이해안로 1112 (구좌읍 평대리),제주시,구좌,,
맛집,숑디,제주 제주시 구좌읍 해맞이해안로 1240-1 (구좌읍 평대리),제주시,구좌,,
맛집,산도롱맨도롱,제주 제주시 구좌읍 해맞이해안로 2284 1층 (구좌읍 종달리),제주시,구좌,,
맛집,배롱개,제주 제주시 구좌읍 해맞이해안로 434 (구좌읍 월정리),제주시,구좌,,
맛집,담백,제주 제주시 구좌읍 해맞이해안로 518 1층 102호 (구좌읍 행원리),제주시,구좌,,
맛집,세모,제주 제주시 구좌읍 행원로 121 (구좌읍 행원리),제주시,구좌,,
맛집,밭담,제주 제주시 구좌읍 행원로5길 35-20 1층 (구좌읍 행원리),제주시,구좌,,
맛집,윤슬,제주특별자치도 제주시 구좌읍 김녕로17길 30 (구좌읍),제주시,구좌,,
맛집,치저스,제주특별자치도 제주시 구좌읍 비자림로 1785 (구좌읍 송당리),제주시,구좌,,
맛집,평대앓이,제주특별자치도 제주시 구좌읍 비자림로 2718-3 (구좌읍),제주시,구좌,,
맛집,달이뜨는식탁,제주특별자치도 제주시 구좌읍 월정1길 14 (구좌읍),제주시,구좌,,
맛집,비지곶식당,제주특별자치도 제주시 구좌읍 일주동로 3002 (구좌읍 평대리),제주시,구좌,,
맛집,달식당,제주특별자치도 제주시 구좌읍 종달논길 61-7 3동 1층 (구좌읍),제주시,구좌,,
맛집,종달미소,제주특별자치도 제주시 구좌읍 종달로 60-15 (구좌읍),제주시,구좌,,
맛집,종달부부,제주특별자치도 제주시 구좌읍 종달로1길 124-4 제2동 1층 (구좌읍),제주시,구좌,,
맛집,이스트포레스트,제주특별자치도 제주시 구좌읍 종달로1길 26-1 1층 (구좌읍 종달리),제주시,구좌,,
맛집,에트나,제주특별자치도 제주시 구좌읍 종달로3길 30-12 1층 (구좌읍),제주시,구좌,,
맛집,종달리엔심야식당,제주특별자치도 제주시 구좌읍 종달로7길 15 (구좌읍),제주시,구좌,,
맛집,으뜨미,제주특별자치도 제주시 구좌읍 중산간동로 2287 1층 (구좌읍),제주시,구좌,,
맛집,석양,제주특별자치도 제주시 구좌읍 하도1길 37 (구좌읍),제주시,구좌,,
맛집,모닥식탁,제주특별자치도 제주시 구좌읍 한동로 136 (구좌읍 한동리),제주시,구좌,,
맛집,레이식당,제주특별자치도 제주시 구좌읍 해맞이해안로 1156-5 (구좌읍 평대리),제주시,구좌,,
맛집,석다원,제주특별자치도 제주시 구좌읍 해맞이해안로 1752 1층 (구좌읍 하도리),제주시,구좌,,
맛집,민경이네어등포해녀촌,제주특별자치도 제주시 구좌읍 해맞이해안로 830 1층 (구좌읍 행원리),제주시,구좌,,
맛집,로즈마린,제주 서귀포시 남성중로 13 (서홍동),서귀포시,서귀포시내,,
맛집,함쉐프키친,제주 서귀포시 대포중앙로 116 (대포동),서귀포시,서귀포시내,,
맛집,오는정김밥,제주 서귀포시 동문동로 2 (서귀동),서귀포시,서귀포시내,,
맛집,낙지네,제주 서귀포시 동부로 22 1층 (서귀동),서귀포시,서귀포시내,,
맛집,모루쿠다,제주 서귀포시 동홍중앙로90번길 48 1층 (동홍동),서귀포시,서귀포시내,,
맛집,와룽발리,제주 서귀포시 막숙포로 70 3층 (법환동),서귀포시,서귀포시내,,
맛집,신촌수제비,제주 서귀포시 명동로 28-1 (서귀동),서귀포시,서귀포시내,,
맛집,천외천,제주 서귀포시 문부로 6 (동홍동),서귀포시,서귀포시내,,
맛집,구두미연탄구이,제주 서귀포시 문필로 71 (보목동),서귀포시,서귀포시내,,
맛집,괸당포차,제주 서귀포시 부두로 29-1 (서귀동),서귀포시,서귀포시내,,
맛집,천일만두,제주 서귀포시 서문로 25 (서귀동),서귀포시,서귀포시내,,
맛집,187센티멘트,제주 서귀포시 서문로28번길 3 1층 (서귀동),서귀포시,서귀포시내,,
맛집,네거리식당,제주 서귀포시 서문로29번길 20 (서귀동),서귀포시,서귀포시내,,
맛집,복조리부산양곱창,제주 서귀포시 서문로29번길 3 1층 (서귀동),서귀포시,서귀포시내,,
맛집,코미세,제주 서귀포시 서호동 1615-3 상가 101호,서귀포시,서귀포시내,,
맛집,희신이네,제주 서귀포시 서홍로 175 (서홍동),서귀포시,서귀포시내,,
맛집,몬스테라 자구리점,제주 서귀포시 소암로12번길 7 (서귀동),서귀포시,서귀포시내,,
맛집,제리스펍,제주 서귀포시 솔동산로 20 2층 (서귀동),서귀포시,서귀포시내,,
맛집,돔뱅이,제주 서귀포시 예래로 229 (하예동),서귀포시,서귀포시내,,
맛집,사우스바운더,제주 서귀포시 예래로 31 (상예동),서귀포시,서귀포시내,,
맛집,마루아라,제주 서귀포시 이중섭로 16 2층 (서귀동),서귀포시,서귀포시내,,
맛집,유달식당,제주 서귀포시 일주동로 8106 (하효동),서귀포시,서귀포시내,,
맛집,체얌,제주 서귀포시 일주동로 8705 (서귀동),서귀포시,서귀포시내,,
맛집,천돈가,제주 서귀포시 일주서로 873 1층 (색달동),서귀포시,서귀포시내,,
맛집,불턱버거클럽,제주 서귀포시 일주서로570번길 1 1층 (대포동),서귀포시,서귀포시내,,
맛집,이공이시,제주 서귀포시 중문관광로72번길 29-9 (색달동),서귀포시,서귀포시내,,
맛집,신라호텔제주 더파크뷰,제주 서귀포시 중문관광로72번길 75 제주신라호텔 3층 (색달동),서귀포시,서귀포시내,,
맛집,제쭈,제주 서귀포시 중산간동로 7936 (동홍동),서귀포시,서귀포시내,,
맛집,웅담식당,제주 서귀포시 중앙로59번길 5 (천지동),서귀포시,서귀포시내,,
맛집,뽈살집 제주본점,제주 서귀포시 중정로91번길 41 1층 (서귀동),서귀포시,서귀포시내,,
맛집,제주부싯돌,제주 서귀포시 중정로91번길 58 (서귀동),서귀포시,서귀포시내,,
맛집,한라산불뚝이,제주 서귀포시 천제연로 182 (중문동),서귀포시,서귀포시내,,
맛집,둘레길,제주 서귀포시 천제연로 209-1 (중문동),서귀포시,서귀포시내,,
맛집,골목깡통구이,제주 서귀포시 천제연로185번길 6 (중문동),서귀포시,서귀포시내,,
맛집,중문이고집,제주 서귀포시 천제연로213번길 5-2 1층 (중문동),서귀포시,서귀포시내,,
맛집,요리바카,제주 서귀포시 천제연로214번길 3 (중문동),서귀포시,서귀포시내,,
맛집,세계의가정식,제주 서귀포시 천지로 42 (서귀동),서귀포시,서귀포시내,,
맛집,키자나,"제주 서귀포시 태평로 381 2,3층 (서귀동)",서귀포시,서귀포시내,,
맛집,센트로,제주 서귀포시 태평로 449 1층 (서귀동),서귀포시,서귀포시내,,
맛집,맨도롱 해장국,제주 서귀포시 태평로353번길 11 (서귀동),서귀포시,서귀포시내,,
맛집,뮈르,제주 서귀포시 하예로 28 2층 (하예동),서귀포시,서귀포시내,,
맛집,하찌,제주 서귀포시 호근남로 180 (호근동),서귀포시,서귀포시내,,
맛집,88버거,제주특별자치도 서귀포시 동문로 63 (서귀동),서귀포시,서귀포시내,,
맛집,착한갈치,제주특별자치도 서귀포시 보목포로 35 1층 (보목동),서귀포시,서귀포시내,,
맛집,대도식당,제주특별자치도 서귀포시 솔동산로22번길 18 (서귀동),서귀포시,서귀포시내,,
맛집,마담조,제주특별자치도 서귀포시 신서로 69 1층 (강정동),서귀포시,서귀포시내,,
맛집,찰리스,"제주특별자치도 서귀포시 예래로 454 1,2층 (하예동)",서귀포시,서귀포시내,,
맛집,커뮤니테이블,제주특별자치도 서귀포시 월평로 15 (월평동),서귀포시,서귀포시내,,
맛집,범섬칼국수,제주특별자치도 서귀포시 이어도로 1039 (서호동),서귀포시,서귀포시내,,
맛집,영육일삼,제주특별자치도 서귀포시 이어도로 679 1층 (강정동),서귀포시,서귀포시내,,
맛집,샨티,제주특별자치도 서귀포시 중문로 22-1 (중문동),서귀포시,서귀포시내,,
맛집,제주약수터 본점,제주특별자치도 서귀포시 중앙로 35 1층 (서귀동),서귀포시,서귀포시내,,
맛집,낭쿰낭쿰,제주특별자치도 서귀포시 중앙로79번길 4 1층 (서귀동),서귀포시,서귀포시내,,
맛집,갑순이네,제주특별자치도 서귀포시 천제연로 170 (중문동),서귀포시,서귀포시내,,
맛집,듀크서프비스트로,제주특별자치도 서귀포시 천제연로188번길 6-6 (중문동),서귀포시,서귀포시내,,
맛집,바머스크,제주특별자치도 서귀포시 태평로371번길 30 라산빌딩 1층 (서귀동),서귀포시,서귀포시내,,
맛집,용구족발보쌈,제주 서귀포시 성산읍 고성동서로 66 2층 (성산읍 고성리),서귀포시,성산,,
맛집,윤활,제주 서귀포시 성산읍 고성동서로45번길 4 (성산읍 고성리),서귀포시,성산,,
맛집,어른이보호구역,제주 서귀포시 성산읍 고성오조로 62-1 2층 (성산읍 고성리),서귀포시,성산,,
맛집,동남막걸리,제주 서귀포시 성산읍 고성오조로 71-1 1층 (성산읍 고성리),서귀포시,성산,,
맛집,난산리 식당,제주 서귀포시 성산읍 난산로41번길 38 (성산읍 난산리),서귀포시,성산,,
맛집,맛나식당,제주 서귀포시 성산읍 동류암로 41 (성산읍 고성리),서귀포시,성산,,
맛집,쉬림포크,제주 서귀포시 성산읍 동류암로 47-1 2층 (성산읍 고성리),서귀포시,성산,,
맛집,불특정식당,제주 서귀포시 성산읍 삼달로 239 (성산읍 삼달리),서귀포시,성산,,
맛집,정체불명,제주 서귀포시 성산읍 삼달로163번길 34 (성산읍 삼달리),서귀포시,성산,,
맛집,부부키친,제주 서귀포시 성산읍 서성일로 1024 (성산읍 수산리),서귀포시,성산,,
맛집,정가네연탄구이,제주 서귀포시 성산읍 서성일로 1047 (성산읍 수산리),서귀포시,성산,,
맛집,알리바이룸,제주 서귀포시 성산읍 섭지코지로26번길 6 (성산읍 고성리),서귀포시,성산,,
맛집,성산연화,제주 서귀포시 성산읍 성산중앙로 22 1층 성산연화 (성산읍 성산리),서귀포시,성산,,
맛집,윌라라,제주 서귀포시 성산읍 성산중앙로 33 (성산읍 성산리),서귀포시,성산,,
맛집,명단,제주 서귀포시 성산읍 성산중앙로 59 1층 (성산읍 성산리),서귀포시,성산,,
맛집,오조삼춘,제주 서귀포시 성산읍 성산중앙로 63 (성산읍 성산리),서귀포시,성산,,
맛집,시흥삼림,제주 서귀포시 성산읍 시흥하동로57번길 35 (성산읍 시흥리),서귀포시,성산,,
맛집,방글방글,제주 서귀포시 성산읍 신양로 96 (성산읍 고성리),서귀포시,성산,,
맛집,플로우라이크,제주 서귀포시 성산읍 일출로 230 2층 (성산읍 성산리),서귀포시,성산,,
맛집,통발,제주 서귀포시 성산읍 일출로 258-15 (성산읍 성산리),서귀포시,성산,,
맛집,경미네집,제주 서귀포시 성산읍 일출로 259 (성산읍 성산리),서귀포시,성산,,
맛집,금박돈,제주 서귀포시 성산읍 일출로 261 1층 (성산읍 성산리),서귀포시,성산,,
맛집,고기에오르다,제주 서귀포시 성산읍 한도로 264 1층 (성산읍 성산리),서귀포시,성산,,
맛집,목화휴게소,제주 서귀포시 성산읍 해맞이해안로 2526 (성산읍 시흥리),서귀포시,성산,,
맛집,오조미야,제주 서귀포시 성산읍 해맞이해안로 2690 (성산읍 오조리),서귀포시,성산,,
맛집,수킹(SOOKING),제주 서귀포시 성산읍 해맞이해안로 2692 (성산읍 오조리),서귀포시,성산,,
맛집,한라전복,제주 서귀포시 성산읍 해맞이해안로 2732 (성산읍 오조리),서귀포시,성산,,
맛집,복자씨연탄구이,제주 서귀포시 성산읍 해맞이해안로 2764 (성산읍 오조리),서귀포시,성산,,
맛집,봉추반점,제주 제주시 우도면 우도로 174 (우도면 연평리),제주시,성산,,
맛집,풍원,제주 제주시 우도면 우도해안길 340 (우도면 연평리),제주시,성산,,
맛집,타코밤,제주 제주시 우도면 우도해안길 780-2 (우도면 연평리),제주시,성산,,
맛집,미소녀,제주특별자치도 서귀포시 성산읍 고성중앙로 88 (성산읍),서귀포시,성산,,
맛집,모영,제주특별자치도 서귀포시 성산읍 동류암로 44 (성산읍),서귀포시,성산,,
맛집,소심한 이층,제주특별자치도 서귀포시 성산읍 성산등용로 17 2층 (성산읍 성산리),서귀포시,성산,,
맛집,단백,제주특별자치도 서귀포시 성산읍 성산중앙로 17 1층 (성산읍),서귀포시,성산,,
맛집,좀녀와농부,제주특별자치도 서귀포시 성산읍 온평리 1286-4,서귀포시,성산,,
맛집,로이앤메이,제주특별자치도 서귀포시 성산읍 온평상하로15번길 12-7 (성산읍 온평리),서귀포시,성산,,
맛집,분식후경,제주특별자치도 서귀포시 성산읍 온평포구로62번길 22-1 (성산읍),서귀포시,성산,,
맛집,시안,제주특별자치도 서귀포시 성산읍 일출로288번길 23 (성산읍),서귀포시,성산,,
맛집,범식당,제주특별자치도 서귀포시 성산읍 한도로 66 2층 (성산읍),서귀포시,성산,,
맛집,쉐프1192펜션,제주특별자치도 서귀포시 성산읍 환해장성로 465 (성산읍),서귀포시,성산,,
맛집,온평바다한그릇,제주특별자치도 서귀포시 성산읍 환해장성로 467 (성산읍),서귀포시,성산,,
맛집,똣똣,제주특별자치도 서귀포시 성산읍 환해장성로 559 (성산읍 온평리),서귀포시,성산,,
맛집,조조모모,제주 서귀포시 안덕면 난드르로 17 (안덕면 창천리),서귀포시,안덕,,
맛집,핫마마,제주 서귀포시 안덕면 녹차분재로 193 (안덕면 서광리),서귀포시,안덕,,
맛집,새당골,제주 서귀포시 안덕면 덕수서로 40 (안덕면 덕수리),서귀포시,안덕,,
맛집,페를로,제주 서귀포시 안덕면 덕수회관로74번길 33 1층 (안덕면 덕수리),서귀포시,안덕,,
맛집,홍칼,제주 서귀포시 안덕면 동광본동로 9 (안덕면 동광리),서귀포시,안덕,,
맛집,삼거리농원,제주 서귀포시 안덕면 사계남로 235 (안덕면 사계리),서귀포시,안덕,,
맛집,순천미향,제주 서귀포시 안덕면 사계남로216번길 24-73 (안덕면 사계리),서귀포시,안덕,,
맛집,국수1번가,제주 서귀포시 안덕면 사계로 223 A동 1층 (안덕면 사계리),서귀포시,안덕,,
맛집,스누즈,제주 서귀포시 안덕면 사계북로 192 (안덕면 사계리),서귀포시,안덕,,
맛집,환이네이태리식당,제주 서귀포시 안덕면 사계중앙로18번길 5 (안덕면 사계리),서귀포시,안덕,,
맛집,1968연희동,제주 서귀포시 안덕면 서광남로 84 (안덕면 서광리),서귀포시,안덕,,
맛집,로바타탄요 제주,제주 서귀포시 안덕면 신화역사로 423 마마뜰 상가 2층 (안덕면 동광리),서귀포시,안덕,,
맛집,달팽이식당,제주 서귀포시 안덕면 일주서로 1322-3 1층 (안덕면 창천리),서귀포시,안덕,,
맛집,도희네칼국수,제주 서귀포시 안덕면 중산간서로 1957 (안덕면 서광리),서귀포시,안덕,,
맛집,비스트로낭,제주 서귀포시 안덕면 화순로 154-25 1층 (안덕면 화순리),서귀포시,안덕,,
맛집,혜원,제주 서귀포시 안덕면 화순서서로 397 (안덕면 서광리),서귀포시,안덕,,
맛집,이가곰탕,제주특별자치도 서귀포시 안덕면 대평감산로 2 (안덕면),서귀포시,안덕,,
맛집,젠하이드어웨이,제주특별자치도 서귀포시 안덕면 사계남로 186-8 (안덕면),서귀포시,안덕,,
맛집,고기랑밥이랑,제주특별자치도 서귀포시 안덕면 산방로 317 (안덕면),서귀포시,안덕,,
맛집,일성식당,제주특별자치도 서귀포시 안덕면 산방로 372 (안덕면 사계리),서귀포시,안덕,,
맛집,83년생김지영,제주특별자치도 서귀포시 안덕면 신화역사로 372-4 (안덕면 서광리),서귀포시,안덕,,
맛집,별오름 노형점,제주 제주시 1100로 3213-27 B201호 (노형동),제주시,제주시내,,
맛집,그라나다,제주 제주시 1100로 3308 1층 (노형동),제주시,제주시내,,
맛집,고로케야,제주 제주시 가령골2길 13-20 (이도2동),제주시,제주시내,,
맛집,알드레항아리수제비,제주 제주시 가령로 19 지하 (이도이동),제주시,제주시내,,
맛집,한라산조랑말,제주 제주시 가령로 5 (이도이동),제주시,제주시내,,
맛집,갯것이식당,제주 제주시 가령로 9 (이도이동),제주시,제주시내,,
맛집,맵찜,제주 제주시 감수북길 18 (삼양이동),제주시,제주시내,,
맛집,이치진 삼화지구점,제주 제주시 건주로 66 피앤오빌딩 1층 (도련일동),제주시,제주시내,,
맛집,한치비곱창,제주 제주시 건주로3길 11 1층 (도련일동),제주시,제주시내,,
맛집,솥닭,제주 제주시 건주로4길 20 1층 (도련일동),제주시,제주시내,,
맛집,얼얼이불막창,제주 제주시 건주로4길 26 (도련일동),제주시,제주시내,,
맛집,꿀돼지,제주 제주시 건주로4길 6-1 2층 (도련일동),제주시,제주시내,,
맛집,삼화수산,제주 제주시 건주로6길 52 (도련일동),제주시,제주시내,,
맛집,오젠,제주 제주시 고마로 123 (일도2동),제주시,제주시내,,
맛집,휘도명가,제주 제주시 고마로 143 1층 (일도이동),제주시,제주시내,,
맛집,새벽집,제주 제주시 고마로 144 (이도이동),제주시,제주시내,,
맛집,초대창 제주일도점,제주 제주시 고마로 147 1층 (일도이동),제주시,제주시내,,
맛집,숙성의미껍데기제주일도점,제주 제주시 고마로 95 (일도이동),제주시,제주시내,,
맛집,은희네소고기해장국 본점,제주 제주시 고마로13길 8 (일도2동),제주시,제주시내,,
맛집,인화계,제주 제주시 고마로14길 13 1층 (일도이동),제주시,제주시내,,
맛집,인생극장 제주1호점,제주 제주시 고마로16길 9 (일도이동),제주시,제주시내,,
맛집,홍열이네 불닭,제주 제주시 고마로17길 6 1층 (일도2동),제주시,제주시내,,
맛집,천리안,제주 제주시 고마로19길 2 1층 (일도이동),제주시,제주시내,,
맛집,목마가든,제주 제주시 곤을길 23 1층 (화북일동),제주시,제주시내,,
맛집,피쉬앤돈,제주 제주시 곰방매길 5 1층 (아라이동),제주시,제주시내,,
맛집,해녀고기,제주 제주시 과원로 80 1층 (연동),제주시,제주시내,,
맛집,김밥상회,제주 제주시 과원북2길 58 (연동),제주시,제주시내,,
맛집,일도가공,제주 제주시 관덕로15길 9 1층 (일도일동),제주시,제주시내,,
맛집,제주맑음,제주 제주시 관덕로3길 1-1 (삼도이동),제주시,제주시내,,
맛집,요술식탁,제주 제주시 관덕로6길 10 1층 (삼도이동),제주시,제주시내,,
맛집,와르다레스토랑,제주 제주시 관덕로8길 24-1 (삼도2동),제주시,제주시내,,
맛집,달빛낙원,제주 제주시 관덕로9길 11 1층 (삼도이동),제주시,제주시내,,
맛집,왓츠유어플레이버,제주 제주시 광양10길 12 3층 (이도이동),제주시,제주시내,,
맛집,일기일회,제주 제주시 광양10길 15 (이도이동),제주시,제주시내,,
맛집,호근동,제주 제주시 광양10길 17 (이도이동),제주시,제주시내,,
맛집,와이엘,제주 제주시 광양10길 23 1층 (이도이동),제주시,제주시내,,
맛집,라스또르따스,제주 제주시 광양11길 8-1 (이도이동),제주시,제주시내,,
맛집,양푼이국수전문점,제주 제주시 광양13길 10-2 (이도이동),제주시,제주시내,,
맛집,오오야마,제주 제주시 광양13길 11 1층 (이도이동),제주시,제주시내,,
맛집,부지깽이,제주 제주시 광양13길 11-2 (이도이동),제주시,제주시내,,
맛집,솔지식당 시청점,제주 제주시 광양13길 14 (이도2동),제주시,제주시내,,
맛집,메로식당,제주 제주시 광양13길 34 (이도2동),제주시,제주시내,,
맛집,블랙보틀,제주 제주시 광양13길 6 2층 (이도이동),제주시,제주시내,,
맛집,낭푼이 닭한마리,제주 제주시 광양13길 6-4 (이도2동),제주시,제주시내,,
맛집,유피에스,제주 제주시 광양14길 11 지하1층 (이도2동),제주시,제주시내,,
맛집,펍지하,제주 제주시 광양14길 7 지하1층 (이도이동),제주시,제주시내,,
맛집,궁중삼계탕,제주 제주시 광양8길 15-17 (이도2동),제주시,제주시내,,
맛집,파라디스코,제주 제주시 광양8길 17 (이도이동),제주시,제주시내,,
맛집,진대감 제주점,제주 제주시 광평동로 45 (노형동),제주시,제주시내,,
맛집,진도새기,제주 제주시 광평동로 67 (노형동),제주시,제주시내,,
맛집,미나식탁,제주 제주시 구남동1길 46 (아라이동),제주시,제주시내,,
맛집,라멘야누,제주 제주시 구남동1길 46 1층 (아라이동),제주시,제주시내,,
맛집,벵삭,제주 제주시 구남동2길 14 (이도이동),제주시,제주시내,,
맛집,부온,제주 제주시 구남동2길 26 1층 (이도이동),제주시,제주시내,,
맛집,pp,제주 제주시 구남동2길 45-17 (이도이동),제주시,제주시내,,
맛집,행복미가,제주 제주시 구남동5길 12 (이도2동),제주시,제주시내,,
맛집,갓포제호,제주 제주시 구남동6길 23 1층 (이도이동),제주시,제주시내,,
맛집,재혁이네국수,제주 제주시 구남로 24 (이도2동),제주시,제주시내,,
맛집,밥촐림,제주 제주시 구남로 26 (이도이동),제주시,제주시내,,
맛집,고깃집 돈누리,제주 제주시 구남로 43 (이도2동),제주시,제주시내,,
맛집,싱푸미엔관,제주 제주시 구남로2길 32 1층 (이도이동),제주시,제주시내,,
맛집,킴스커틀렛,제주 제주시 구남로4길 11 (이도이동),제주시,제주시내,,
맛집,갱이네보말칼국수,제주 제주시 구남로4길 18 (이도이동),제주시,제주시내,,
맛집,산아,제주 제주시 구남로6길 19 (이도2동),제주시,제주시내,,
맛집,도브다이브,제주 제주시 구남로7길 15 (이도이동),제주시,제주시내,,
맛집,제주동백을담다,제주 제주시 구산로 41 (아라일동),제주시,제주시내,,
맛집,동막골,제주 제주시 구산로 43-1 (아라일동),제주시,제주시내,,
맛집,오프,제주 제주시 구산로 54 여고원룸 1층 (아라일동),제주시,제주시내,,
맛집,램스키친,제주 제주시 국기로 35 3층 (연동),제주시,제주시내,,
맛집,일공일,제주 제주시 국기로2길 19 (연동),제주시,제주시내,,
맛집,노조미,제주 제주시 국기로2길 2-3 (연동),제주시,제주시내,,
맛집,돼지삼춘,제주 제주시 국기로3길 7 1층 (연동),제주시,제주시내,,
맛집,전주토속청국장,제주 제주시 귀아랑길 9 (연동),제주시,제주시내,,
맛집,다오라민포,제주 제주시 남광로 119 (일도이동),제주시,제주시내,,
맛집,차돌,제주 제주시 남광로 65 (이도이동),제주시,제주시내,,
맛집,시월,제주 제주시 남광로2길 21 (이도2동),제주시,제주시내,,
맛집,소담히로,제주 제주시 남광로4길 21 (이도이동),제주시,제주시내,,
맛집,홀리몰리,제주 제주시 남광북3길 39 1층 (이도이동),제주시,제주시내,,
맛집,코모도,제주 제주시 남녕로 54 1층 (연동),제주시,제주시내,,
맛집,연경가든,제주 제주시 남성로 143-13 (삼도2동),제주시,제주시내,,
맛집,올리다버거,"제주 제주시 남성로 154-6 1, 2층 (삼도이동)",제주시,제주시내,,
맛집,식당민남매,제주 제주시 남성로 20-1 (용담일동),제주시,제주시내,,
맛집,한천야따이,제주 제주시 남성로3길 27 (용담1동),제주시,제주시내,,
맛집,이치류양심 제주점,제주 제주시 노연로 103 (연동),제주시,제주시내,,
맛집,제주공간초록펍앤카페,제주 제주시 노연로 34 호텔위드제주호텔 2층 203호 (노형동),제주시,제주시내,,
맛집,규태네양곱창 본점,제주 제주시 노연로 55 (노형동),제주시,제주시내,,
맛집,더회전훠궈,제주 제주시 노연로 55 2층 (노형동),제주시,제주시내,,
맛집,정글북바이앨리스,제주 제주시 노연로 80 메종글래드 제주 2층 (연동),제주시,제주시내,,
맛집,민스펍,제주 제주시 노형10길 10 1층 (노형동),제주시,제주시내,,
맛집,더부즈 제주,제주 제주시 노형11길 5-4 (노형동),제주시,제주시내,,
맛집,야해,제주 제주시 노형11길 6 1층 (노형동),제주시,제주시내,,
맛집,온달,제주 제주시 노형13길 7 윤성빌딩 1층 (노형동),제주시,제주시내,,
맛집,남이스프앤소스,제주 제주시 노형1길 18-9 1층 (노형동),제주시,제주시내,,
맛집,그린보이즈,제주 제주시 노형5길 23 1층 (노형동),제주시,제주시내,,
맛집,허클베리핀,제주 제주시 노형5길 44 (노형동),제주시,제주시내,,
맛집,광어공방 노형본점,제주 제주시 노형6길 20 (노형동),제주시,제주시내,,
맛집,아로제,제주 제주시 노형7길 3-5 1층 (노형동),제주시,제주시내,,
맛집,이졸라베르데,제주 제주시 노형8길 14 1~3층 (노형동),제주시,제주시내,,
맛집,밀집,제주 제주시 노형9길 8 1층 (노형동),제주시,제주시내,,
맛집,바토라브와르,제주 제주시 노형동 718 1동 1층,제주시,제주시내,,
맛집,이운소나이국수 노형점,제주 제주시 다랑곶2길 27 (노형동),제주시,제주시내,,
맛집,이인자뼈다귀해장국,제주 제주시 다랑곶2길 7 (노형동),제주시,제주시내,,
맛집,강선장당일바리횟집,제주 제주시 다랑곶4길 35 (노형동),제주시,제주시내,,
맛집,노형포차,제주 제주시 다랑곶5길 9 1층 (노형동),제주시,제주시내,,
맛집,하나미,제주 제주시 다랑곶6길 28 (노형동),제주시,제주시내,,
맛집,미국식 제주점,제주 제주시 다랑곶6길 36 (노형동),제주시,제주시내,,
맛집,감초식당 노형점,제주 제주시 다랑곶길 19 1층 (노형동),제주시,제주시내,,
맛집,풍무맛조림,제주 제주시 다랑곶길 29 (노형동),제주시,제주시내,,
맛집,경일낙지,제주 제주시 다랑곶길 30 (노형동),제주시,제주시내,,
맛집,진1926 노형점,제주 제주시 달마루길 14 1층 (노형동),제주시,제주시내,,
맛집,도새기샤브마을,제주 제주시 달마루길 22 (노형동),제주시,제주시내,,
맛집,웅스키친,제주 제주시 대동길 17-1 대일아파트 1층 (이호이동),제주시,제주시내,,
맛집,숨,제주 제주시 대동길 18 우드 인테리어 건물 (이호이동),제주시,제주시내,,
맛집,넝쿨하눌가든,제주 제주시 대원북길 21 (아라일동),제주시,제주시내,,
맛집,오일등식당,제주 제주시 도공로 22-1 (도두일동),제주시,제주시내,,
맛집,하루밥,제주 제주시 도근내길 28 1층 (외도일동),제주시,제주시내,,
맛집,애삐리바당,제주 제주시 도남로 102-2 (도남동),제주시,제주시내,,
맛집,도남앤횟집,제주 제주시 도남로 49 (도남동),제주시,제주시내,,
맛집,육도담,제주 제주시 도남로 59 (도남동),제주시,제주시내,,
맛집,제주사자,제주 제주시 도남로17길 21 101호 (도남동),제주시,제주시내,,
맛집,훔쳐온뒷고기,제주 제주시 도남로5길 6 (도남동),제주시,제주시내,,
맛집,밥이보약,제주 제주시 도령로 11 (노형동),제주시,제주시내,,
맛집,우림일식,제주 제주시 도령로 28-2 (노형동),제주시,제주시내,,
맛집,금화정육식당,제주 제주시 도령로11길 23 (연동),제주시,제주시내,,
맛집,소이슬라,제주 제주시 동고산로 3 왼쪽상가(동대문엽기떡볶이 옆) (이도이동),제주시,제주시내,,
맛집,심심포차,제주 제주시 동고산로 38-2 1층 (이도이동),제주시,제주시내,,
맛집,우디집,제주 제주시 동광로 97 (일도이동),제주시,제주시내,,
맛집,제주주당,제주 제주시 동광로17길 3 1층 (일도이동),제주시,제주시내,,
맛집,원담,제주 제주시 동광로1길 13 (이도1동),제주시,제주시내,,
맛집,감초식당,제주 제주시 동광로1길 32 (이도1동),제주시,제주시내,,
맛집,돼지구이연구소,제주 제주시 동광로1길 6 (이도1동),제주시,제주시내,,
맛집,백성원해장국,제주 제주시 동광로4길 1 (이도2동),제주시,제주시내,,
맛집,제주인양,제주 제주시 동광로5길 28 1층 (이도일동),제주시,제주시내,,
맛집,돈하루방,제주 제주시 동광로5길 32 (이도1동),제주시,제주시내,,
맛집,광주빛고을아귀찜,제주 제주시 동광로5길 8 (이도1동),제주시,제주시내,,
맛집,해수육장,제주 제주시 동광로6길 25 1층 (이도이동),제주시,제주시내,,
맛집,아빠가만든찜,제주 제주시 동문로 103-2 (건입동),제주시,제주시내,,
맛집,김주학짬뽕,"제주 제주시 동문로14길 10 102,103호 (일도2동)",제주시,제주시내,,
맛집,삼월,제주 제주시 동문로2길 17-2 (일도일동),제주시,제주시내,,
맛집,태하횟집,"제주 제주시 동한두기길 31-2 1, 2층 (용담1동)",제주시,제주시내,,
맛집,키친요디,제주 제주시 동화로1길 53-13 (화북일동),제주시,제주시내,,
맛집,미노루,제주 제주시 동화로1길 53-14 (화북일동),제주시,제주시내,,
맛집,잉가이,제주 제주시 무근성7길 1 (삼도이동),제주시,제주시내,,
맛집,포35,제주 제주시 문송길 35 1층 (연동),제주시,제주시내,,
맛집,오오치,제주 제주시 박성내동길 25 (아라이동),제주시,제주시내,,
맛집,멘,제주 제주시 박성내서길 8-1 (이도이동),제주시,제주시내,,
맛집,좋아좋아숯불갈비,제주 제주시 북성로 12 (삼도2동),제주시,제주시내,,
맛집,운산식당,제주 제주시 북성로 28 1층 (삼도이동),제주시,제주시내,,
맛집,말고기연구소,제주 제주시 북성로 43 1층 (삼도이동),제주시,제주시내,,
맛집,종로3가,제주 제주시 북성로 9 (삼도2동),제주시,제주시내,,
맛집,복집식당,제주 제주시 비룡길 5 (용담일동),제주시,제주시내,,
맛집,르부이부이,제주 제주시 사라봉7길 32 (건입동),제주시,제주시내,,
맛집,안전식당,제주 제주시 사라봉길 4 (건입동),제주시,제주시내,,
맛집,제쭈도,제주 제주시 사장2길 12 1층 (연동),제주시,제주시내,,
맛집,제마닭,제주 제주시 사장길 12 1층 (연동),제주시,제주시내,,
맛집,돈게도라갈비,제주 제주시 사장길 8 (연동),제주시,제주시내,,
맛집,매력식당,제주 제주시 산천단동1길 20-9 1층 (아라일동),제주시,제주시내,,
맛집,케무리,제주 제주시 삼무로 41 1층 상가 (연동),제주시,제주시내,,
맛집,흥미맛집,제주 제주시 삼무로 77 (연동),제주시,제주시내,,
맛집,미나리,제주 제주시 삼무로11길 34 (연동),제주시,제주시내,,
맛집,미송식탁,제주 제주시 삼무로11길 36 (연동),제주시,제주시내,,
맛집,다인양곱창,제주 제주시 삼무로3길 40 (연동),제주시,제주시내,,
맛집,황소곱창,제주 제주시 삼무로3길 8 (연동),제주시,제주시내,,
맛집,담,제주 제주시 삼무로9길 39 (연동),제주시,제주시내,,
맛집,스시마씸 삼화점,제주 제주시 삼봉로 39 1층 (도련이동),제주시,제주시내,,
맛집,곰표반점 도련점,제주 제주시 삼봉로 47 (도련이동),제주시,제주시내,,
맛집,석인장,제주 제주시 삼성로 108 (일도이동),제주시,제주시내,,
맛집,집아페,제주 제주시 서광로13길 3 (삼도1동),제주시,제주시내,,
맛집,찐국수랑김밥,제주 제주시 서광로20길 17 (삼도일동),제주시,제주시내,,
맛집,다담,제주 제주시 서광로2길 11-18 (오라일동),제주시,제주시내,,
맛집,현옥식당,제주 제주시 서광로2길 35 (오라일동),제주시,제주시내,,
맛집,상위호환,제주 제주시 서광로32길 16-1 2층 (이도이동),제주시,제주시내,,
맛집,대일횟집,제주 제주시 서광로32길 24 (이도2동),제주시,제주시내,,
맛집,냄비에퐁닭,제주 제주시 서광로32길 26-5 (이도2동),제주시,제주시내,,
맛집,일과삶사이틈,제주 제주시 서광로32길 27-3 (이도2동),제주시,제주시내,,
맛집,원스몰글라스,제주 제주시 서광로32길 27-3 2층 (이도이동),제주시,제주시내,,
맛집,모토이시 제주시청점,제주 제주시 서광로32길 29 1층 (이도이동),제주시,제주시내,,
맛집,울돝,제주 제주시 서광로32길 37 (이도2동),제주시,제주시내,,
맛집,시청골목집,제주 제주시 서광로32길 39-3 (이도2동),제주시,제주시내,,
맛집,삼합소,제주 제주시 서광로32길 40-1 1층 (이도이동),제주시,제주시내,,
맛집,남원식당,제주 제주시 서광로3길 6 (용담일동),제주시,제주시내,,
맛집,용이식당,제주 제주시 서광로4길 8 (오라일동),제주시,제주시내,,
맛집,넉둥베기,제주 제주시 서문로 9-1 (용담1동),제주시,제주시내,,
맛집,끄티,제주 제주시 서부두길 22 (건입동),제주시,제주시내,,
맛집,곤밥2,제주 제주시 서부두남길 8 (일도일동),제주시,제주시내,,
맛집,우진해장국,제주 제주시 서사로 11 (삼도2동),제주시,제주시내,,
맛집,탐라가든,제주 제주시 서사로 51 (삼도2동),제주시,제주시내,,
맛집,연참치,제주 제주시 서사로19길 4 (삼도1동),제주시,제주시내,,
맛집,어림향,제주 제주시 서사로24길 22 (삼도1동),제주시,제주시내,,
맛집,호또모또,제주 제주시 서해안로 291-4 (도두이동),제주시,제주시내,,
맛집,위즈피자,제주 제주시 서해안로 468-2 1층 (용담삼동),제주시,제주시내,,
맛집,너럭,제주 제주시 서해안로 671 1층 (용담삼동),제주시,제주시내,,
맛집,삼화포구,제주 제주시 서흘1길 26 (삼양일동),제주시,제주시내,,
맛집,재현이네갈비,제주 제주시 선덕로 7 (연동),제주시,제주시내,,
맛집,수복강녕,제주 제주시 선덕로3길 40 (연동),제주시,제주시내,,
맛집,화정,제주 제주시 선덕로3길 44 (연동),제주시,제주시내,,
맛집,명가손만두와보말칼국수,제주 제주시 선덕로5길 19 (연동),제주시,제주시내,,
맛집,서흘포가든,제주 제주시 선사로6길 12 064-726-0707 (삼양일동),제주시,제주시내,,
맛집,설촌명가,제주 제주시 설촌로 11 (삼양이동),제주시,제주시내,,
맛집,풍년식당,"제주 제주시 설촌로2길 23 103,104호 (삼양이동)",제주시,제주시내,,
맛집,성두길15포차,제주 제주시 성두길 15 1층 (연동),제주시,제주시내,,
맛집,엉덩물물회,제주 제주시 성두길 7-7 (연동),제주시,제주시내,,
맛집,로우허판,제주 제주시 성신로 15 (연동),제주시,제주시내,,
맛집,퐁낭그늘,제주 제주시 성신로 30 1층 (연동),제주시,제주시내,,
맛집,우리양,제주 제주시 성신로1길 23 1층 104호 (연동),제주시,제주시내,,
맛집,콧수염양꼬치,제주 제주시 성신로1길 30 (연동),제주시,제주시내,,
맛집,대굴대굴굴구이,제주 제주시 성신로2길 19 (연동),제주시,제주시내,,
맛집,혹시,제주 제주시 성신로2길 19-5 1층 (연동),제주시,제주시내,,
맛집,모임터칼국수전문점,제주 제주시 성신북길 30 (연동),제주시,제주시내,,
맛집,오현돼지불백,제주 제주시 성지로 58-2 (일도2동),제주시,제주시내,,
맛집,살아있는해물뚝배기 어마장장,제주 제주시 성지로 62 (일도이동),제주시,제주시내,,
맛집,파도식당,제주 제주시 성지로 68-1 (일도2동),제주시,제주시내,,
맛집,양식당,제주 제주시 성화로5길 5 1층 101호 (용담이동),제주시,제주시내,,
맛집,요리랄라,제주 제주시 수덕5길 42 1층 (노형동),제주시,제주시내,,
맛집,아침바다 횟집,제주 제주시 수덕5길 66 1층 (노형동),제주시,제주시내,,
맛집,용꽈배기 신제주점,제주 제주시 수덕5길 85-7 (노형동),제주시,제주시내,,
맛집,밀밭,제주 제주시 수덕로 13 (노형동),제주시,제주시내,,
맛집,밀면촌,제주 제주시 승천로 15 (이도2동),제주시,제주시내,,
맛집,전복만찬,제주 제주시 승천로 3 (이도2동),제주시,제주시내,,
맛집,다정곱창전골전문점,제주 제주시 신광로 12 1층 (연동),제주시,제주시내,,
맛집,제주돼지,제주 제주시 신광로4길 6 (연동),제주시,제주시내,,
맛집,우연국수 1호점,제주 제주시 신광로6길 2 (연동),제주시,제주시내,,
맛집,장똘뱅이오마카세,제주 제주시 신광로6길 25 (연동),제주시,제주시내,,
맛집,공푸마라탕,제주 제주시 신광로8길 22 (연동),제주시,제주시내,,
맛집,긴자,제주 제주시 신광로8길 30-1 (연동),제주시,제주시내,,
맛집,모심청국장,제주 제주시 신대로10길 17 (연동),제주시,제주시내,,
맛집,차돌집,제주 제주시 신대로10길 29 (연동),제주시,제주시내,,
맛집,무정식당,제주 제주시 신대로10길 29 (연동),제주시,제주시내,,
맛집,또장군,제주 제주시 신대로10길 32 (연동),제주시,제주시내,,
맛집,명호마농갈비 본점,제주 제주시 신대로12길 15 (연동),제주시,제주시내,,
맛집,제주국담,제주 제주시 신대로12길 17 (연동),제주시,제주시내,,
맛집,대관원,제주 제주시 신대로13길 3 (연동),제주시,제주시내,,
맛집,송림식당 신제주본점,제주 제주시 신대로14길 34 (연동),제주시,제주시내,,
맛집,바라수제버거,제주 제주시 신대로14길 42 지하 (연동),제주시,제주시내,,
맛집,이유,제주 제주시 신대로14길 43 1층 (연동),제주시,제주시내,,
맛집,둥지,제주 제주시 신대로14길 50 1층 (연동),제주시,제주시내,,
맛집,집앞돈까스,제주 제주시 신대로15길 20 아랑빌라 1층 (연동),제주시,제주시내,,
맛집,삼오칠회센터,제주 제주시 신대로16길 33 (연동),제주시,제주시내,,
맛집,화룡양꼬치,제주 제주시 신대로16길 40 (연동),제주시,제주시내,,
맛집,카도,제주 제주시 신대로16길 41 1층 (연동),제주시,제주시내,,
맛집,영건식당,제주 제주시 신대로16길 44 (연동),제주시,제주시내,,
맛집,더팔당제주,제주 제주시 신대로16길 44 (연동),제주시,제주시내,,
맛집,종승호,제주 제주시 신대로16길 44 1층 (연동),제주시,제주시내,,
맛집,로당 연동점,제주 제주시 신대로16길 47 (연동),제주시,제주시내,,
맛집,상상꼬챙이,제주 제주시 신대로16길 47 (연동),제주시,제주시내,,
맛집,미복빈대떡,제주 제주시 신대로16길 49 (연동),제주시,제주시내,,
맛집,(주)천향휘,제주 제주시 신대로16길 50 (연동),제주시,제주시내,,
맛집,넝쿨하눌연동,제주 제주시 신대로7길 17 1층 (연동),제주시,제주시내,,
맛집,종로손칼국수,제주 제주시 신대로7길 4 (연동),제주시,제주시내,,
맛집,담백한그집,제주 제주시 신대로8길 5 (연동),제주시,제주시내,,
맛집,제주맛동산칼국수,제주 제주시 신대로9길 19 (연동),제주시,제주시내,,
맛집,제주회포장,제주 제주시 신산로11길 48 (일도2동),제주시,제주시내,,
맛집,영미식당,제주 제주시 신산로2길 9 1층 (일도일동),제주시,제주시내,,
맛집,타니,제주 제주시 신설로 40-11 1층 (아라이동),제주시,제주시내,,
맛집,타이웍,제주 제주시 신설로11길 2 (아라이동),제주시,제주시내,,
맛집,하롱,제주 제주시 신설로11길 2-10 1층 (아라이동),제주시,제주시내,,
맛집,미묘,제주 제주시 신설로4길 3 1층 (이도이동),제주시,제주시내,,
맛집,엘픽,제주 제주시 신설로5길 5-10 1층 (이도이동),제주시,제주시내,,
맛집,라이터스블럭,제주 제주시 신설로5길 8 (이도이동),제주시,제주시내,,
맛집,미우,제주 제주시 신설로7길 27 1층 (이도이동),제주시,제주시내,,
맛집,소담한봉봉,제주 제주시 신설로9길 20 (이도2동),제주시,제주시내,,
맛집,마구로쇼쿠도,제주 제주시 신설로9길 26-12 비동 1층 102호 (이도이동),제주시,제주시내,,
맛집,느루온,제주 제주시 신설로9길 33 지하 1층 (이도이동),제주시,제주시내,,
맛집,제주방앗간,제주 제주시 신설로9길 35 (이도이동),제주시,제주시내,,
맛집,촵촵,제주 제주시 신설로9길 8-1 1층 (이도이동),제주시,제주시내,,
맛집,드렁킨타이 제주시청점,제주 제주시 신성로 109 1층 (이도이동),제주시,제주시내,,
맛집,해피치즈스마일 제주시점,제주 제주시 신성로 114 1층 (이도이동),제주시,제주시내,,
맛집,동강,제주 제주시 신성로 17 (도남동),제주시,제주시내,,
맛집,면시루,제주 제주시 신성로 42 1층 (도남동),제주시,제주시내,,
맛집,노포갈비,제주 제주시 신성로 82-2 (도남동),제주시,제주시내,,
맛집,위트레이즌,제주 제주시 신성로 82-8 1층 (도남동),제주시,제주시내,,
맛집,고씨네막창,제주 제주시 신성로 88 (도남동),제주시,제주시내,,
맛집,닥그네,제주 제주시 신성로10길 18 1층 (도남동),제주시,제주시내,,
맛집,리틀핑거,제주 제주시 신성로10길 36 덕진웰리브아파트 101호 (도남동),제주시,제주시내,,
맛집,파뷔노파스타바,제주 제주시 신성로12길 2 1층 (이도이동),제주시,제주시내,,
맛집,공간,제주 제주시 신성로13길 13-1 3층 (이도이동),제주시,제주시내,,
맛집,아다미,제주 제주시 신성로13길 25 2층 (이도이동),제주시,제주시내,,
맛집,랜돌프비어 시청점,제주 제주시 신성로13길 27 (이도이동),제주시,제주시내,,
맛집,라라쿵푸마라탕,제주 제주시 신성로13길 29 (이도이동),제주시,제주시내,,
맛집,쇼넨 제주시청점,제주 제주시 신성로13길 6 (이도이동),제주시,제주시내,,
맛집,진행수산,제주 제주시 신성로7길 20 (도남동),제주시,제주시내,,
맛집,쿠쿠아림,제주 제주시 아란2길 38 101호 (아라일동),제주시,제주시내,,
맛집,담뽀뽀,제주 제주시 아란2길 56 1층 (아라일동),제주시,제주시내,,
맛집,응그레,제주 제주시 아란7길 46 1층 (아라일동),제주시,제주시내,,
맛집,리릭,제주 제주시 아란9길 25 103호 (아라일동),제주시,제주시내,,
맛집,회심,제주 제주시 아봉로 200 1층 (영평동),제주시,제주시내,,
맛집,김희선제주몸국,제주 제주시 어영길 45-6 1층 (용담삼동),제주시,제주시내,,
맛집,쭈꾸쭈꾸쭈꾸미 5호점,제주 제주시 연동11길 33 1호 (연동),제주시,제주시내,,
맛집,연동회관,제주 제주시 연동13길 33 1층 (연동),제주시,제주시내,,
맛집,시골길,제주 제주시 연동13길 9 (연동),제주시,제주시내,,
맛집,국민닭발 제주점,제주 제주시 연동13길 9 (연동),제주시,제주시내,,
맛집,카메카츠,제주 제주시 연동14길 14 (연동),제주시,제주시내,,
맛집,머믈,제주 제주시 연동4길 16 1층 (연동),제주시,제주시내,,
맛집,옛집2,제주 제주시 연동4길 8 (연동),제주시,제주시내,,
맛집,사계진미숯불닭갈비 제원점,제주 제주시 연동7길 22 1층 (연동),제주시,제주시내,,
맛집,수미일관,제주 제주시 연동8길 19 (연동),제주시,제주시내,,
맛집,돈떵이,제주 제주시 연동8길 19 (연동),제주시,제주시내,,
맛집,번개포차,"제주 제주시 연동9길 18 1,2층 (연동)",제주시,제주시내,,
맛집,양푼속닭한마리,제주 제주시 연동9길 26 1층 (연동),제주시,제주시내,,
맛집,스시테이카이센동,제주 제주시 연북로 440 (도남동),제주시,제주시내,,
맛집,여섯줄인생,제주 제주시 연사2길 72 송우수자인빌 104동 지하1층 B101호 (오라이동),제주시,제주시내,,
맛집,올레풍경,제주 제주시 연삼로 121 (오라삼동),제주시,제주시내,,
맛집,마포화곱창 제주이도점,제주 제주시 연삼로 436 하늘그린5차 1층 (이도이동),제주시,제주시내,,
맛집,황포돛대,제주 제주시 연삼로 474 (이도2동),제주시,제주시내,,
맛집,보옥이네닭도리탕,제주 제주시 연삼로 543 (일도이동),제주시,제주시내,,
맛집,공공시,제주 제주시 연수로1길 6 2층 (일도이동),제주시,제주시내,,
맛집,30년할매닭발,제주 제주시 연수로3길 3 (일도이동),제주시,제주시내,,
맛집,쇠소깍횟집,제주 제주시 연수로4길 1 (일도이동),제주시,제주시내,,
맛집,풍어회센타,제주 제주시 연수중길 15 (일도이동),제주시,제주시내,,
맛집,장모식탁,제주 제주시 연신로 51 1층 (이도이동),제주시,제주시내,,
맛집,메밀꽃차롱,제주 제주시 연오로 136 (연동),제주시,제주시내,,
맛집,메콩스카이,제주 제주시 연오로 35 (오라삼동),제주시,제주시내,,
맛집,개염지영말축,제주 제주시 연오로 68 1층 (연동),제주시,제주시내,,
맛집,부가네얼큰이 신시가지점,제주 제주시 연화로 41 (연동),제주시,제주시내,,
맛집,정직유부 제주연동점,제주 제주시 연화로1길 9 1층 (연동),제주시,제주시내,,
맛집,자연뜨락,제주 제주시 연화로2길 16-1 (연동),제주시,제주시내,,
맛집,죽마고우,제주 제주시 연화로2길 20 (연동),제주시,제주시내,,
맛집,오키니,제주 제주시 연화로2길 8 1층 (연동),제주시,제주시내,,
맛집,우정곱창 연동점,제주 제주시 연화중길 15 (연동),제주시,제주시내,,
맛집,감나무집,제주 제주시 오남로 12 (오라일동),제주시,제주시내,,
맛집,문문선,제주 제주시 오등6길 31 (오등동),제주시,제주시내,,
맛집,스시오하요,제주 제주시 용담로 92 (용담2동),제주시,제주시내,,
맛집,마두천칼국수,제주 제주시 용해로 45 1층 (용담이동),제주시,제주시내,,
맛집,팟타이시암,제주 제주시 용화로 41-2 (용담이동),제주시,제주시내,,
맛집,고수참치 오마카세,제주 제주시 용화로 49 (용담이동),제주시,제주시내,,
맛집,임성교자,제주 제주시 용화로 57 (용담이동),제주시,제주시내,,
맛집,임성반점,제주 제주시 용화로 57-1 (용담이동),제주시,제주시내,,
맛집,광령갈비,제주 제주시 용화로 60-1 (용담2동),제주시,제주시내,,
맛집,아빠부엌,제주 제주시 우령2길 11 (외도일동),제주시,제주시내,,
맛집,미도리제주,제주 제주시 우령4길 5 (외도일동),제주시,제주시내,,
맛집,오늘은좋은날,제주 제주시 우령8길 17 1층 (외도일동),제주시,제주시내,,
맛집,황룡 다이닝펍,제주 제주시 우령8길 8 1층 (외도일동),제주시,제주시내,,
맛집,패티스터,제주 제주시 우령8길 8 1층 (외도일동),제주시,제주시내,,
맛집,레술토랑혼디,제주 제주시 우령서로 57 상가 101호 (외도일동),제주시,제주시내,,
맛집,정담오리회전숯불구이,제주 제주시 우령서로 73 (외도일동),제주시,제주시내,,
맛집,해왕성반점,제주 제주시 우령안1길 26 (외도일동),제주시,제주시내,,
맛집,요기소바 외도점,제주 제주시 우령안1길 29 (외도일동),제주시,제주시내,,
맛집,제주내리막,제주 제주시 우정로 18 (외도일동),제주시,제주시내,,
맛집,미미,제주 제주시 우정로11길 5 1층 (외도일동),제주시,제주시내,,
맛집,삼춘이야기,제주 제주시 우정로12길 1 (외도일동),제주시,제주시내,,
맛집,우정양꼬치,제주 제주시 우정로13길 9 (외도일동),제주시,제주시내,,
맛집,슬이네찌개마을 1호점,제주 제주시 우정로16길 16 (외도일동),제주시,제주시내,,
맛집,김창민씨네식당,제주 제주시 우정로18길 12 (외도일동),제주시,제주시내,,
맛집,몽돌,제주 제주시 우정로5길 10 (외도일동),제주시,제주시내,,
맛집,친구집해물포차,제주 제주시 우정로7길 30 (외도일동),제주시,제주시내,,
맛집,산촌 외도점,제주 제주시 우정로8길 1 (외도일동),제주시,제주시내,,
맛집,소앵븟,제주 제주시 우정로8길 6 탐라하이츠빌 지하1층 (외도일동),제주시,제주시내,,
맛집,통김치찌개,제주 제주시 원노형10길 20 해모로루엔 상가 105호 (노형동),제주시,제주시내,,
맛집,스탁,제주 제주시 원노형10길 34 1층 (노형동),제주시,제주시내,,
맛집,포뚜이 (22년5월31일까지 휴무),제주 제주시 원노형2길 29-6 2층 (노형동),제주시,제주시내,,
맛집,컨터,제주 제주시 원노형2길 29-6 2층 (노형동),제주시,제주시내,,
맛집,제주세호해장국 제주본점,제주 제주시 원노형3길 39 (노형동),제주시,제주시내,,
맛집,동백별장,제주 제주시 원노형3길 44 (노형동),제주시,제주시내,,
맛집,공간뉴제주,제주 제주시 원노형6길 2 (노형동),제주시,제주시내,,
맛집,김서방재첩해장국,제주 제주시 원노형6길 27 (노형동),제주시,제주시내,,
맛집,차차,제주 제주시 원노형6길 29 (노형동),제주시,제주시내,,
맛집,요기소바,제주 제주시 원노형6길 3-4 1층 (노형동),제주시,제주시내,,
맛집,수영국밥,제주 제주시 원노형6길 30 (노형동),제주시,제주시내,,
맛집,제주본참숯불갈비,제주 제주시 원노형남1길 31 (노형동),제주시,제주시내,,
맛집,알콜달콜,제주 제주시 원노형로 22 (노형동),제주시,제주시내,,
맛집,신제주양곱창,제주 제주시 원노형로 23 (노형동),제주시,제주시내,,
맛집,십원향,제주 제주시 원노형로 23 104호 (노형동),제주시,제주시내,,
맛집,물팡과허벅,제주 제주시 원노형로 35 103호 (노형동),제주시,제주시내,,
맛집,아비꼬 제주노형점,제주 제주시 원노형로 48 1층 (노형동),제주시,제주시내,,
맛집,WDR,제주 제주시 원당로3길 26 1층 (삼양일동),제주시,제주시내,,
맛집,만강촌옛날칼국수,제주 제주시 월랑로 42 (노형동),제주시,제주시내,,
맛집,해방집,제주 제주시 월랑로 50 지하 1층 B101호 (노형동),제주시,제주시내,,
맛집,힛업,제주 제주시 월랑로 9 1층 (노형동),제주시,제주시내,,
맛집,가담국수,제주 제주시 월랑로10길 21 (노형동),제주시,제주시내,,
맛집,내고향해장국 노형점,제주 제주시 월랑로4길 14 (노형동),제주시,제주시내,,
맛집,고향숯불막창 제주지사,제주 제주시 월랑로4길 6 (노형동),제주시,제주시내,,
맛집,매운향솥,제주 제주시 은남1길 31 (연동),제주시,제주시내,,
맛집,바나나껍데기,제주 제주시 은남2길 30 (연동),제주시,제주시내,,
맛집,마이도,제주 제주시 은남2길 35 1층 (연동),제주시,제주시내,,
맛집,탕궁훠궈,제주 제주시 은남2길 41 1층 (연동),제주시,제주시내,,
맛집,소렉,제주 제주시 은남2길 41 1층 (연동),제주시,제주시내,,
맛집,국수만찬,제주 제주시 은남3길 1 (연동),제주시,제주시내,,
맛집,솔담,제주 제주시 은남3길 32 1층 (연동),제주시,제주시내,,
맛집,산우정,제주 제주시 은남4길 29 (연동),제주시,제주시내,,
맛집,용용선생 제주연동점,제주 제주시 은남4길 46 (연동),제주시,제주시내,,
맛집,산전수전인생역전,제주 제주시 은남길 40 (연동),제주시,제주시내,,
맛집,코하쿠,제주 제주시 은수길 108 1층 (노형동),제주시,제주시내,,
맛집,평창메밀막국수,제주 제주시 은수길 6-9 (노형동),제주시,제주시내,,
맛집,별미돈,제주 제주시 인다13길 59 (아라일동),제주시,제주시내,,
맛집,심야식당 코나카,제주 제주시 인다14길 28-12 (아라일동),제주시,제주시내,,
맛집,시머폿,제주 제주시 인다1길 65 1층 (아라이동),제주시,제주시내,,
맛집,형제카츠,제주 제주시 인다2길 20 (아라일동),제주시,제주시내,,
맛집,우등생,제주 제주시 인다2길 28 1층 (아라일동),제주시,제주시내,,
맛집,고서방짬뽕,제주 제주시 인다5길 11-5 (아라일동),제주시,제주시내,,
맛집,그란데,제주 제주시 인다6길 42 1층 (아라일동),제주시,제주시내,,
맛집,문경회센터,제주 제주시 인다7길 10 (아라일동),제주시,제주시내,,
맛집,쿠로,제주 제주시 인다8길 29 1층 101호 (아라일동),제주시,제주시내,,
맛집,삼남매식당 1호점,제주 제주시 인다9길 18 1층 (아라일동),제주시,제주시내,,
맛집,뽕갈찜,제주 제주시 인다9길 34 (아라일동),제주시,제주시내,,
맛집,화성식당,제주 제주시 일주동로 383 (삼양이동),제주시,제주시내,,
맛집,박세현의보고싶다 제주라면,제주 제주시 일주서로 7483 (내도동),제주시,제주시내,,
맛집,오솔길,제주 제주시 임항로 264 1층 (건입동),제주시,제주시내,,
맛집,산지해장국,제주 제주시 임항로 34 (건입동),제주시,제주시내,,
맛집,정든마을고깃집,제주 제주시 정든로 20-8 (이도이동),제주시,제주시내,,
맛집,치킨코리아 노형점,제주 제주시 정존5길 4 (노형동),제주시,제주시내,,
맛집,정겨운수제비,제주 제주시 제원1길 23 (연동),제주시,제주시내,,
맛집,아우라키친,제주 제주시 제주대학로7길 9 1층 (아라이동),제주시,제주시내,,
맛집,큰물살아있는해물탕,제주 제주시 조공포길 49 (외도일동),제주시,제주시내,,
맛집,기회횟집,제주 제주시 중앙로 23 1층 (건입동),제주시,제주시내,,
맛집,잇마이피자,제주 제주시 중앙로 253 2층 (이도이동),제주시,제주시내,,
맛집,프렙제주,제주 제주시 중앙로 28 4층 (일도일동),제주시,제주시내,,
맛집,마초그릴,제주 제주시 중앙로 39 남강빌딩 2층 (일도1동),제주시,제주시내,,
맛집,북교해바라기,제주 제주시 중앙로 46-8 (일도1동),제주시,제주시내,,
맛집,제주오겹살왕돌구이집 제주본점,제주 제주시 중앙로 538 1층 (아라일동),제주시,제주시내,,
맛집,스니프,제주 제주시 중앙로 543 1층 (아라일동),제주시,제주시내,,
맛집,골목식당,제주 제주시 중앙로 63-9 (이도1동),제주시,제주시내,,
맛집,기꾸스시,제주 제주시 중앙로 73 (이도일동),제주시,제주시내,,
맛집,명동손칼국수,제주 제주시 중앙로15길 5 (이도1동),제주시,제주시내,,
맛집,올댓제주,제주 제주시 중앙로1길 33 (건입동),제주시,제주시내,,
맛집,태양상회,제주 제주시 중앙로2길 31 (삼도이동),제주시,제주시내,,
맛집,아피로 와인바,제주 제주시 중앙로2길 35 1층 아피로 와인바 제주점 (삼도이동),제주시,제주시내,,
맛집,아살람레스토랑,제주 제주시 중앙로2길 7 1층 (삼도이동),제주시,제주시내,,
맛집,하루방보쌈 제주본점,제주 제주시 중앙로2길 9 (삼도이동),제주시,제주시내,,
맛집,제주탑동골목,제주 제주시 중앙로5길 13 1층 (일도일동),제주시,제주시내,,
맛집,제주인짬뽕 삼화점,제주 제주시 지석12길 14 (삼양이동),제주시,제주시내,,
맛집,복닥키친,제주 제주시 진군3길 19 1층 (노형동),제주시,제주시내,,
맛집,육고깃집 노형점,제주 제주시 진군4길 8 (노형동),제주시,제주시내,,
맛집,국시트멍,제주 제주시 진군길 31-3 1층 (노형동),제주시,제주시내,,
맛집,이디가카,제주 제주시 진남로6길 14 (화북일동),제주시,제주시내,,
맛집,제주가마골,제주 제주시 천수동로 51-5 (건입동),제주시,제주시내,,
맛집,홍콩미각,제주 제주시 천수로 11 (이도이동),제주시,제주시내,,
맛집,골막식당,제주 제주시 천수로 12 (이도2동),제주시,제주시내,,
맛집,율군짬뽕,제주 제주시 천수로 82 혜성대유아파트 105동 101호 (일도이동),제주시,제주시내,,
맛집,경락횟집,제주 제주시 천수로13길 6 (일도2동),제주시,제주시내,,
맛집,한라생얼큰이,제주 제주시 천수로6길 11 (이도2동),제주시,제주시내,,
맛집,빈대떡과사람덜,제주 제주시 천수로6길 4 (이도이동),제주시,제주시내,,
맛집,남원바당,제주 제주시 천수로8길 7 (일도이동),제주시,제주시내,,
맛집,남춘식당,제주 제주시 청귤로 12 (이도이동),제주시,제주시내,,
맛집,휴계농장,제주 제주시 청귤로 16 (이도2동),제주시,제주시내,,
맛집,제주통큰장어,제주 제주시 청귤로3길 50 (이도이동),제주시,제주시내,,
맛집,태광식당,제주 제주시 탑동로 144 (용담일동),제주시,제주시내,,
맛집,라운지바 곶,제주 제주시 탑동로 17 지하 1층 (삼도이동),제주시,제주시내,,
맛집,만창일치,제주 제주시 탑동로 31-1 (삼도이동),제주시,제주시내,,
맛집,늘소담,제주 제주시 탑동로 31-3 (삼도이동),제주시,제주시내,,
맛집,우주파,제주 제주시 탑동로 81 1층 (삼도이동),제주시,제주시내,,
맛집,용기,제주 제주시 탑동로2길 7 1층 (삼도이동),제주시,제주시내,,
맛집,내도음악상가,제주 제주시 테우해안로 106 2층 (내도동),제주시,제주시내,,
맛집,딩동댕,제주 제주시 테우해안로 148 2층 (이호일동),제주시,제주시내,,
맛집,한라진칼국수,제주 제주시 테우해안로 32 1층 (내도동),제주시,제주시내,,
맛집,돌담너머바다 판포점,제주 제주시 테우해안로 44-1 1층 (내도동),제주시,제주시내,,
맛집,513텐동 제주점,제주 제주시 테우해안로 46 2층 (내도동),제주시,제주시내,,
맛집,참치싸롱,제주 제주시 통물길 120 1층 (외도일동),제주시,제주시내,,
맛집,하루나,제주 제주시 한라대학로 97 1층 (노형동),제주시,제주시내,,
맛집,소소밀,제주 제주시 한북로 139 1층 (오등동),제주시,제주시내,,
맛집,언플러그,제주 제주시 해안마을길 43 지하1층 (해안동),제주시,제주시내,,
맛집,포옥,제주 제주시 화남로 47 1층 (화북일동),제주시,제주시내,,
맛집,권가칼국수,제주 제주시 화삼북로 38 1층 (화북일동),제주시,제주시내,,
맛집,화산2020,제주 제주시 흥운길 85 1층 (용담이동),제주시,제주시내,,
맛집,무용담,제주 제주시 흥운길 91 (용담이동),제주시,제주시내,,
맛집,제주미담,제주특별자치도 제주시 가령로 19 (이도이동),제주시,제주시내,,
맛집,에프터글로우,제주특별자치도 제주시 간월동로 67-3 (아라이동),제주시,제주시내,,
맛집,옐로우돕,제주특별자치도 제주시 고마로16길 9 (일도이동),제주시,제주시내,,
맛집,에이어,제주특별자치도 제주시 고마로17길 11 지하1층 (일도이동),제주시,제주시내,,
맛집,스시앤,제주특별자치도 제주시 고산동산5길 21-1 105호 (이도2동),제주시,제주시내,,
맛집,순희뽀글이정식,제주특별자치도 제주시 공설로 27-1 (오라일동),제주시,제주시내,,
맛집,송림반점,제주특별자치도 제주시 관덕로 2-1 (삼도2동),제주시,제주시내,,
맛집,자양삼계탕,제주특별자치도 제주시 관덕로6길 17 1층 (삼도이동),제주시,제주시내,,
맛집,접시고기 제주점,제주특별자치도 제주시 광양13길 18 (이도이동),제주시,제주시내,,
맛집,곰보숯불갈비,제주특별자치도 제주시 광평동로 40 (노형동),제주시,제주시내,,
맛집,리스투아,제주특별자치도 제주시 구남동2길 19-8 102호 (이도이동),제주시,제주시내,,
맛집,동식당,제주특별자치도 제주시 구남동2길 26 1층 (이도이동),제주시,제주시내,,
맛집,타이거타코,제주특별자치도 제주시 구남동4길 40 1층 (이도이동),제주시,제주시내,,
맛집,이도시장통닭,제주특별자치도 제주시 구남로 47 (이도2동),제주시,제주시내,,
맛집,이웃사촌,제주특별자치도 제주시 구남로2길 29 (이도이동),제주시,제주시내,,
맛집,류빈,제주특별자치도 제주시 구남로6길 12 (이도이동),제주시,제주시내,,
맛집,제주포램,제주특별자치도 제주시 국기중길 4 (연동),제주시,제주시내,,
맛집,노모어블루스,제주특별자치도 제주시 남광로 15 1층 (이도이동),제주시,제주시내,,
맛집,우돈채,제주특별자치도 제주시 남광로2길 17-14 (이도2동),제주시,제주시내,,
맛집,버터투마이브레드,제주특별자치도 제주시 남광북3길 39 (이도이동),제주시,제주시내,,
맛집,갓포아키 제주도점,제주특별자치도 제주시 노연로 80 (연동),제주시,제주시내,,
맛집,시나르,제주특별자치도 제주시 노형10길 3 (노형동),제주시,제주시내,,
맛집,말렛,제주특별자치도 제주시 노형11길 6 1층 (노형동),제주시,제주시내,,
맛집,베이직,제주특별자치도 제주시 노형6길 23 1층 (노형동),제주시,제주시내,,
맛집,노형농원,제주특별자치도 제주시 노형8길 14 1~3층 (노형동),제주시,제주시내,,
맛집,무한조개야,제주특별자치도 제주시 다랑곶2길 4 (노형동),제주시,제주시내,,
맛집,꾸브라꼬숯불두마리치킨 신제주점,제주특별자치도 제주시 다랑곶6길 29 1층 (노형동),제주시,제주시내,,
맛집,행복식당,제주특별자치도 제주시 다랑곶길 23 (노형동),제주시,제주시내,,
맛집,고래콩물,제주특별자치도 제주시 달마루길 10-5 (노형동),제주시,제주시내,,
맛집,숲속의도토리,제주특별자치도 제주시 도근내길 18 (외도일동),제주시,제주시내,,
맛집,탄탄면공방 제주점,제주특별자치도 제주시 도남로 189 106호 (아라일동),제주시,제주시내,,
맛집,만금,제주특별자치도 제주시 도남로15길 11 (도남동),제주시,제주시내,,
맛집,도남오거리식당,제주특별자치도 제주시 도남로6길 16 (도남동),제주시,제주시내,,
맛집,비상식탁,제주특별자치도 제주시 도남로7길 31 1층 (도남동),제주시,제주시내,,
맛집,자순식당,제주특별자치도 제주시 도남로8길 6 (도남동),제주시,제주시내,,
맛집,제주오막집양곱창,제주특별자치도 제주시 도령로 132 (연동),제주시,제주시내,,
맛집,탁탁,제주특별자치도 제주시 동광로6길 29-1 (이도2동),제주시,제주시내,,
맛집,스모키버거,제주특별자치도 제주시 동문로 100 1층 (일도이동),제주시,제주시내,,
맛집,신짜우 베트남 쌀국수,제주특별자치도 제주시 동화로1길 53-1 (화북일동),제주시,제주시내,,
맛집,우럭의숲,제주특별자치도 제주시 무근성3길 9 (삼도이동),제주시,제주시내,,
맛집,유메,제주특별자치도 제주시 무근성7길 23 (삼도이동),제주시,제주시내,,
맛집,봉플라봉뱅,제주특별자치도 제주시 문송1길 6-1 1층 (연동),제주시,제주시내,,
맛집,고슬,제주특별자치도 제주시 문송길 22 1층 (연동),제주시,제주시내,,
맛집,고래콩물 이도점,제주특별자치도 제주시 박성내동길 37-1 (아라이동),제주시,제주시내,,
맛집,101동파스타,제주특별자치도 제주시 박성내서길 12-7 1층 (이도이동),제주시,제주시내,,
맛집,두더지식당제주,제주특별자치도 제주시 박성내서길 14 1층 (이도이동),제주시,제주시내,,
맛집,봉자커피,제주특별자치도 제주시 번영로 540 (봉개동),제주시,제주시내,,
맛집,도토리키친,제주특별자치도 제주시 북성로 59 1층 (삼도이동),제주시,제주시내,,
맛집,천금반점,제주특별자치도 제주시 북성로 7 (삼도2동),제주시,제주시내,,
맛집,슬기식당,제주특별자치도 제주시 사라봉7길 36 (건입동),제주시,제주시내,,
맛집,와랑와랑,제주특별자치도 제주시 산천단동1길 9 (아라일동),제주시,제주시내,,
맛집,꽁양꽁양,제주특별자치도 제주시 산천단동3길 16 (아라일동),제주시,제주시내,,
맛집,배두리광장,제주특별자치도 제주시 삼무로 60 1층 (연동),제주시,제주시내,,
맛집,두루두루식당,제주특별자치도 제주시 삼무로3길 14 (연동),제주시,제주시내,,
맛집,희양양 연동점,제주특별자치도 제주시 삼무로3길 42 (연동),제주시,제주시내,,
맛집,스톤아일랜드 탭하우스,제주특별자치도 제주시 삼무로7길 16 1층 (연동),제주시,제주시내,,
맛집,육회한집,제주특별자치도 제주시 서광로 229 (삼도1동),제주시,제주시내,,
맛집,낫파운드라운지,제주특별자치도 제주시 서광로 250-2 1층 (삼도일동),제주시,제주시내,,
맛집,1080칼국수,제주특별자치도 제주시 서광로13길 3 (삼도1동),제주시,제주시내,,
맛집,Jk피자,제주특별자치도 제주시 서광로29길 3 (이도일동),제주시,제주시내,,
맛집,301호,제주특별자치도 제주시 서광로32길 15 3층 (이도이동),제주시,제주시내,,
맛집,주력,제주특별자치도 제주시 서광로32길 16 1층 (이도이동),제주시,제주시내,,
맛집,옛못잊어감자탕,제주특별자치도 제주시 서광로32길 35 (이도2동),제주시,제주시내,,
맛집,온차,제주특별자치도 제주시 서부두남길 12 1층 (일도일동),제주시,제주시내,,
맛집,효퇴국수,제주특별자치도 제주시 서사로 122-1 (삼도일동),제주시,제주시내,,
맛집,국수랑,제주특별자치도 제주시 서해안로 301-1 (도두이동),제주시,제주시내,,
맛집,반주,제주특별자치도 제주시 성신로1길 21 2층 (연동),제주시,제주시내,,
맛집,슬립인하노이,제주특별자치도 제주시 수덕9길 63 1층 (노형동),제주시,제주시내,,
맛집,슌앤스시,제주특별자치도 제주시 수덕로 4 (노형동),제주시,제주시내,,
맛집,작은밥상,제주특별자치도 제주시 승천로 2 (이도2동),제주시,제주시내,,
맛집,레드제플린,제주특별자치도 제주시 신광로 37 (연동),제주시,제주시내,,
맛집,호박이네,제주특별자치도 제주시 신광로10길 21 1층 (연동),제주시,제주시내,,
맛집,국수몰고랑,제주특별자치도 제주시 신대로10길 41 (연동),제주시,제주시내,,
맛집,낙지로,제주특별자치도 제주시 신대로12길 19 (연동),제주시,제주시내,,
맛집,꼬방,제주특별자치도 제주시 신대로12길 21 (연동),제주시,제주시내,,
맛집,해장길,제주특별자치도 제주시 신대로12길 7 (연동),제주시,제주시내,,
맛집,송쿠쉐,제주특별자치도 제주시 신대로13길 43-8 (연동),제주시,제주시내,,
맛집,종종,제주특별자치도 제주시 신대로16길 28 (연동),제주시,제주시내,,
맛집,세안 아구찜,제주특별자치도 제주시 신대로20길 12 (연동),제주시,제주시내,,
맛집,마마손칼국수,제주특별자치도 제주시 신대로8길 34 (연동),제주시,제주시내,,
맛집,퍼틴 제주점,제주특별자치도 제주시 신대로9길 21-1 1층 (연동),제주시,제주시내,,
맛집,도남황금갈비,제주특별자치도 제주시 신성로 98 (도남동),제주시,제주시내,,
맛집,수라상,제주특별자치도 제주시 연동10길 36 (연동),제주시,제주시내,,
맛집,둘이두리,제주특별자치도 제주시 연동10길 7 (연동),제주시,제주시내,,
맛집,연동계수나무집,제주특별자치도 제주시 연동11길 39 (연동),제주시,제주시내,,
맛집,쿠야,제주특별자치도 제주시 연동11길 39 1층 (연동),제주시,제주시내,,
맛집,담이자카야,제주특별자치도 제주시 연동4길 36 뜨레모아9차아파트상가 1층 (연동),제주시,제주시내,,
맛집,호야네꼬마김밥,제주특별자치도 제주시 연동9길 18 1층 (연동),제주시,제주시내,,
맛집,한양식당,제주특별자치도 제주시 연신로 35 (일도2동),제주시,제주시내,,
맛집,제주연탄길,제주특별자치도 제주시 연화남길 10 1층 (연동),제주시,제주시내,,
맛집,제주대통 고사리막창순대,제주특별자치도 제주시 연화로2길 18 1층 (연동),제주시,제주시내,,
맛집,우수미회센터,제주특별자치도 제주시 연화로2길 24-1 1층 (연동),제주시,제주시내,,
맛집,가야복집,제주특별자치도 제주시 오복2길 35 (이도이동),제주시,제주시내,,
맛집,말차이트,제주특별자치도 제주시 우도면 우도해안길 32-24 101동 2층 (우도면),제주시,제주시내,,
맛집,온에어,제주특별자치도 제주시 우정로12길 3 1층 (외도일동),제주시,제주시내,,
맛집,외도가마솥밥,제주특별자치도 제주시 우정로6길 11 (외도일동),제주시,제주시내,,
맛집,탱테일,제주특별자치도 제주시 원노형5길 19 (노형동),제주시,제주시내,,
맛집,제주모다정,제주특별자치도 제주시 원노형6길 12 (노형동),제주시,제주시내,,
맛집,다미야,제주특별자치도 제주시 원노형6길 24 (노형동),제주시,제주시내,,
맛집,순화국수,제주특별자치도 제주시 원노형8길 26 (노형동),제주시,제주시내,,
맛집,평담옥,제주특별자치도 제주시 원노형로 66 (노형동),제주시,제주시내,,
맛집,노형막창고을,제주특별자치도 제주시 월랑로10길 36 (노형동),제주시,제주시내,,
맛집,마구이양구이,제주특별자치도 제주시 월랑로2길 18 (노형동),제주시,제주시내,,
맛집,슈퍼보틀,제주특별자치도 제주시 은남1길 46 1층 (연동),제주시,제주시내,,
맛집,풍촌식당,제주특별자치도 제주시 은남2길 28 (연동),제주시,제주시내,,
맛집,폴레,제주특별자치도 제주시 은남3길 33 (연동),제주시,제주시내,,
맛집,제주정곱창,제주특별자치도 제주시 은남4길 31 (연동),제주시,제주시내,,
맛집,꼼닭,제주특별자치도 제주시 은남길 33 1층 (연동),제주시,제주시내,,
맛집,홍키호테,제주특별자치도 제주시 인다14길 40 (아라일동),제주시,제주시내,,
맛집,도르다이닝,제주특별자치도 제주시 인다2길 65 1층 (아라일동),제주시,제주시내,,
맛집,고고리식당,제주특별자치도 제주시 인다5길 11-10 (아라일동),제주시,제주시내,,
맛집,모어댄댓,제주특별자치도 제주시 인다5길 12 1층 (아라일동),제주시,제주시내,,
맛집,예서갈비,제주특별자치도 제주시 인다6길 57 (아라일동),제주시,제주시내,,
맛집,장미반점,제주특별자치도 제주시 인다7길 6 (아라일동),제주시,제주시내,,
맛집,데스띠노,제주특별자치도 제주시 인다8길 46 (아라일동),제주시,제주시내,,
맛집,스시러브,제주특별자치도 제주시 절물1길 25 (외도일동),제주시,제주시내,,
맛집,시인의마을,제주특별자치도 제주시 정존1길 27 1층 (노형동),제주시,제주시내,,
맛집,천하장사뷔페,제주특별자치도 제주시 제원1길 23 102호 (연동),제주시,제주시내,,
맛집,보편적인노래,제주특별자치도 제주시 제원길 14 2층 (연동),제주시,제주시내,,
맛집,어디가맨 아라점,제주특별자치도 제주시 중앙로 537 (아라일동),제주시,제주시내,,
맛집,두리칼국수,제주특별자치도 제주시 진군2길 23-4 1층 (노형동),제주시,제주시내,,
맛집,수너베러,제주특별자치도 제주시 천수동로2길 29 (일도2동),제주시,제주시내,,
맛집,카고크루즈,제주특별자치도 제주시 탑동로 43 2층 (삼도이동),제주시,제주시내,,
맛집,지오포카치아,제주특별자치도 제주시 테우해안로 136 1층 (이호일동),제주시,제주시내,,
맛집,굽써,제주특별자치도 제주시 테우해안로 138 1층 (이호일동),제주시,제주시내,,
맛집,강윤구스시야,제주특별자치도 제주시 화삼북로 135 2층 (삼양이동),제주시,제주시내,,
맛집,와흘밥상,제주 제주시 조천읍 남조로 2228 (조천읍 와흘리),제주시,조천,,
맛집,선흘곶,제주 제주시 조천읍 동백로 102 (조천읍 선흘리),제주시,조천,,
맛집,선하다선,제주 제주시 조천읍 북선로 322-15 B동 1층 (조천읍 선흘리),제주시,조천,,
맛집,오래된구름,제주 제주시 조천읍 북선로 372 1층 (조천읍 선흘리),제주시,조천,,
맛집,선흘방주할머니식당,제주 제주시 조천읍 선교로 212 (조천읍 선흘리),제주시,조천,,
맛집,상춘재,제주 제주시 조천읍 선진길 26 (조천읍 선흘리),제주시,조천,,
맛집,행운손맛,제주 제주시 조천읍 신북로 224-1 (조천읍 조천리),제주시,조천,,
맛집,석볶이,제주 제주시 조천읍 신북로 237 (조천읍 조천리),제주시,조천,,
맛집,꿉자,제주 제주시 조천읍 신북로 249 (조천읍 조천리),제주시,조천,,
맛집,주주키친,제주 제주시 조천읍 신북로 481-3 2층 (조천읍 함덕리),제주시,조천,,
맛집,나도섬이다,제주 제주시 조천읍 신북로 521 (조천읍 함덕리),제주시,조천,,
맛집,버드나무집,제주 제주시 조천읍 신북로 540 (조천읍 함덕리),제주시,조천,,
맛집,옥이이모,제주 제주시 조천읍 신북로 86 101호 (조천읍 신촌리),제주시,조천,,
맛집,맹기리수산,제주 제주시 조천읍 신촌5길 58-2 (조천읍 신촌리),제주시,조천,,
맛집,동카름,제주 제주시 조천읍 신촌9길 40-3 (조천읍 신촌리),제주시,조천,,
맛집,달그락식탁,제주 제주시 조천읍 신흥로 2 (조천읍 신흥리),제주시,조천,,
맛집,고두물식당,제주 제주시 조천읍 일주동로 1180 (조천읍 함덕리),제주시,조천,,
맛집,친구테이블,제주 제주시 조천읍 함덕12길 12 (조천읍 함덕리),제주시,조천,,
맛집,49제곱미터,제주 제주시 조천읍 함덕27길 32-4 (조천읍 함덕리),제주시,조천,,
맛집,조호바루,제주 제주시 조천읍 함덕6길 16 한창퀸즈빌 1층 (조천읍 함덕리),제주시,조천,,
맛집,달사막,제주 제주시 조천읍 함덕로 26 1층 (조천읍 함덕리),제주시,조천,,
맛집,램앤블랙 (구.램하우스),제주특별자치도 제주시 조천읍 교래1길 45 (조천읍),제주시,조천,,
맛집,각지불,제주특별자치도 제주시 조천읍 남조로 1751 (조천읍 교래리),제주시,조천,,
맛집,뜰향기,제주특별자치도 제주시 조천읍 남조로 2326 (조천읍 와흘리),제주시,조천,,
맛집,라멩하우스,제주특별자치도 제주시 조천읍 북촌7길 7 (조천읍),제주시,조천,,
맛집,상상 함덕점,제주특별자치도 제주시 조천읍 신북로 487 1층 (조천읍),제주시,조천,,
맛집,함덕487,제주특별자치도 제주시 조천읍 신북로 487 1층 (조천읍),제주시,조천,,
맛집,도로록,제주특별자치도 제주시 조천읍 신북로 494-2 (조천읍 함덕리),제주시,조천,,
맛집,아카이브,제주특별자치도 제주시 조천읍 와선로 204 1층 (조천읍),제주시,조천,,
맛집,조천수산,제주특별자치도 제주시 조천읍 조천북1길 35-8 (조천읍 조천리),제주시,조천,,
맛집,풀왓,제주특별자치도 제주시 조천읍 중산간동로 663-2 대흘프로방스2차 2동 (조천읍 대흘리),제주시,조천,,
맛집,타무라,제주특별자치도 제주시 조천읍 중산간동로 670 (조천읍 대흘리),제주시,조천,,
맛집,매우릉쭈꾸미,제주특별자치도 제주시 조천읍 함덕16길 11 (조천읍 함덕리),제주시,조천,,
맛집,이로운술상,제주특별자치도 제주시 조천읍 함덕16길 44 (조천읍),제주시,조천,,
맛집,골목,제주특별자치도 제주시 조천읍 함덕7길 6-14 (조천읍 함덕리),제주시,조천,,
